Workbook
Name Slicer_Bonus_Performance: #N/A
Name Slicer_Months__Hire_Date: #N/A
Name Slicer_Years: #N/A
Name Slicer_Years_of_Service: #N/A

Sheet Raw_Employee_Data
A1: Emp ID | B1: First_Name | C1: Last_Name | D1: Dept Code | E1: Hire Date | F1: Salary | G1: Perf_Score | H1: Employment Status
A2: EMP127 | B2: Emily | C2: Brown | D2: IT02 | E2: 43093 | F2: 50361 | G2: 52 | H2: active
A3: EMP046 | B3: Richard | C3: Hernandez | D3: MKT04 | E3: 44659 | F3: 112673 | H3: ACTIVE
A4: EMP134 | B4: Emily | C4: Gonzalez | D4: IT02 | E4: 42431 | F4: $114,425 | G4: 54 | H4: LEFT
A5: EMP139 | B5: John | C5: Martinez | D5: FIN03 | E5: 45110 | F5: 103831 | G5: 70 | H5: active
A6: EMP112 | B6: Thomas | C6: Smith | D6: IT02 | E6: 44977 | F6: 73785 | G6: 40 | H6: Left
A7: EMP030 | B7: Emily | C7: Johnson | D7: OPS06 | E7: 02-Mar-20 | F7: 115882 | G7: 49 | H7: ACTIVE
A8: EMP096 | B8: John | C8: Wilson | D8: OPS06 | E8: 45272 | F8: 59980 | G8: 70 | H8: Left
A9: EMP098 | B9: Jessica | C9: Smith | D9: OPS06 | E9: 44174 | F9: 68728 | G9: 45 | H9: ACTIVE
A10: EMP095 | C10: Rodriguez | D10: FIN03 | E10: 43107 | F10: 102139 | G10: 79 | H10: active
A11: EMP140 | B11: Michael | C11: Martinez | D11: SAL05 | E11: 42676 | F11: 94998 | G11: 58 | H11: Active
A12: EMP020 | B12: Emily | C12: Miller | D12: sal05 | E12: 43911 | F12: $118,635 | G12: 49 | H12: Active
A13: EMP057 | B13: Emily | C13: Hernandez | D13: IT02 | E13: 42425 | F13: 76918 | G13: 62 | H13: Actv
A14: EMP016 | B14: Jane | C14: Williams | D14: mkt04 | E14: 17-Jun-21 | F14: 61408 | G14: 48 | H14: ACTIVE
A15: EMP070 | B15: Jane | C15: Miller | D15: MKT04 | E15: 44001 | F15: 99990 | G15: 54 | H15: Actv
A16: EMP025 | B16: Robert | C16: Jones | D16: MKT04 | E16: 43820 | F16: 80385 | H16: active
A17: EMP031 | B17: Thomas | C17: Rodriguez | D17: SAL05 | E17: 45169 | F17: 65290 | G17: 77 | H17: active
A18: EMP126 | B18: Emily | C18: Davis | D18: IT02 | E18: 42337 | F18: 105765 | G18: 42 | H18: Active
A19: EMP109 | B19: James | C19: Martinez | D19: SAL05 | E19: 42899 | F19: 102921 | G19: 49 | H19: ACTIVE
A20: EMP066 | B20: Ashley | C20: Lopez | D20: MKT04 | E20: 43235 | F20: 73984 | G20: 93 | H20: Actv
A21: EMP120 | B21: Amanda | C21: Gonzalez | D21: IT02 | E21: 42575 | G21: 75 | H21: Actv
A22: EMP019 | B22: Michael | C22: Hernandez | D22: FIN03 | E22: 43076 | F22: 118527 | G22: 50 | H22: Actv
A23: EMP013 | B23: Richard | C23: Hernandez | D23: MKT04 | E23: 44353 | F23: 107871 | G23: 88 | H23: active
A24: EMP010 | B24: Michael | C24: Rodriguez | D24: IT02 | E24: 44815 | F24: 93956 | G24: 50 | H24: LEFT
A25: EMP032 | B25: Jessica | C25: Johnson | D25: FIN03 | E25: 42565 | F25: 100851 | G25: 64 | H25: ACTIVE
A26: EMP082 | B26: Ashley | C26: Williams | D26: SAL05 | E26: 44728 | F26: 68655 | G26: 32 | H26: active
A27: EMP052 | C27: Williams | D27: SAL05 | E27: 45134 | F27: 81205 | G27: 59 | H27: Actv
A28: EMP129 | B28: John | C28: Wilson | D28: SAL05 | E28: 09/24/2019 | F28: $77,610 | G28: 88 | H28: Actv
A29: EMP146 | B29: Thomas | C29: Rodriguez | D29: it02 | E29: 44765 | F29: $50,873 | G29: 90 | H29: Active
A30: EMP099 | B30: Michael | C30: Wilson | D30: fin03 | E30: 13-May-18 | F30: 85312 | G30: 66 | H30: active
A31: EMP015 | B31: John | C31: Rodriguez | D31: SAL05 | E31: 42202 | G31: 68 | H31: active
A32: EMP076 | B32: Thomas | C32: Hernandez | D32: OPS06 | E32: 05-Aug-15 | F32: 97055 | G32: 80 | H32: Actv
A33: EMP137 | B33: Michael | C33: Johnson | D33: IT02 | E33: 45195 | F33: 66069 | G33: 72 | H33: Actv
A34: EMP056 | B34: Sarah | C34: Brown | D34: it02 | E34: 10-Jun-19 | F34: 90157 | G34: 58 | H34: active
A35: EMP125 | B35: Jane | C35: Martinez | D35: HR01 | E35: 44578 | F35: 59899 | G35: 78 | H35: Actv
A36: EMP085 | B36: Emily | C36: Jones | D36: FIN03 | E36: 03-Jul-17 | F36: 113389 | G36: 30 | H36: ACTIVE
A37: EMP106 | C37: Brown | D37: IT02 | E37: 01-Sep-15 | F37: 102691 | G37: 52 | H37: Active
A38: EMP043 | B38: John | C38: Wilson | D38: OPS06 | E38: 03-Aug-22 | F38: 111845 | G38: 98 | H38: active
A39: EMP068 | B39: Melissa | C39: Brown | D39: SAL05 | E39: 06/29/2022 | F39: 69219 | G39: 93 | H39: Actv
A40: EMP128 | B40: Michael | C40: Smith | D40: FIN03 | E40: 43949 | G40: 80 | H40: left
A41: EMP027 | B41: Sarah | C41: Miller | D41: OPS06 | E41: 09/09/2017 | F41: 57514 | H41: active
A42: EMP136 | B42: Emily | C42: Wilson | D42: SAL05 | E42: 43181 | F42: 86245 | G42: 71 | H42: LEFT
A43: EMP079 | B43: David | C43: Hernandez | D43: SAL05 | E43: 43958 | F43: 52407 | G43: 55 | H43: active
A44: EMP149 | B44: James | C44: Smith | D44: OPS06 | E44: 43549 | F44: $66,606 | G44: 93 | H44: Resigned
A45: EMP037 | B45: Sarah | C45: Williams | D45: IT02 | E45: 43686 | F45: 81896 | G45: 79 | H45: Resigned
A46: EMP077 | B46: Amanda | C46: Lopez | D46: SAL05 | E46: 07/14/2016 | F46: 78402 | G46: 54 | H46: ACTIVE
A47: EMP023 | B47: Thomas | C47: Lopez | D47: OPS06 | E47: 42647 | F47: 105498 | G47: 76 | H47: active
A48: EMP133 | B48: Melissa | C48: Johnson | D48: MKT04 | E48: 10-Jul-19 | F48: 91749 | G48: 72 | H48: left
A49: EMP141 | B49: Amanda | C49: Johnson | D49: OPS06 | E49: 44437 | F49: 99935 | G49: 84 | H49: Resigned
A50: EMP012 | B50: John | C50: Davis | D50: IT02 | E50: 42761 | F50: 83531 | G50: 30 | H50: left
A51: EMP080 | B51: James | C51: Johnson | D51: mkt04 | E51: 43981 | F51: $75,023 | H51: ACTIVE
A52: EMP069 | B52: Jane | C52: Davis | D52: HR01 | E52: 44612 | F52: 93290 | G52: 53 | H52: ACTIVE
A53: EMP150 | B53: Richard | C53: Davis | D53: OPS06 | E53: 42628 | F53: 115527 | G53: 63 | H53: Resigned
A54: EMP028 | B54: Thomas | C54: Rodriguez | D54: FIN03 | E54: 10/07/2019 | F54: 55920 | G54: 84 | H54: Actv
A55: EMP087 | B55: Emily | C55: Johnson | D55: SAL05 | E55: 43464 | F55: 80189 | G55: 30 | H55: Active
A56: EMP119 | B56: Emily | C56: Garcia | D56: HR01 | E56: 44189 | F56: 118947 | G56: 96 | H56: active
A57: EMP042 | B57: Jane | C57: Anderson | D57: IT02 | E57: 45112 | G57: 54 | H57: Actv
A58: EMP005 | B58: Thomas | C58: Garcia | D58: OPS06 | E58: 44148 | G58: 75 | H58: Actv
A59: EMP033 | B59: David | C59: Martinez | D59: hr01 | E59: 02/07/2018 | F59: 91655 | G59: 95 | H59: Active
A60: EMP061 | B60: Emily | C60: Brown | D60: IT02 | E60: 45255 | F60: 49435 | H60: left
A61: EMP102 | B61: Emily | C61: Wilson | D61: sal05 | E61: 45217 | F61: 110381 | G61: 93 | H61: Active
A62: EMP067 | B62: Michael | C62: Anderson | D62: HR01 | E62: 44079 | F62: 114748 | G62: 33 | H62: active
A63: EMP017 | B63: Robert | C63: Johnson | D63: OPS06 | E63: 42800 | F63: 63302 | G63: 91 | H63: active
A64: EMP123 | B64: Robert | C64: Miller | D64: it02 | E64: 42122 | F64: $75,519 | G64: 64 | H64: active
A65: EMP011 | B65: Jane | C65: Davis | D65: FIN03 | E65: 42838 | F65: 103891 | G65: 80 | H65: active
A66: EMP091 | B66: Thomas | C66: Davis | D66: OPS06 | E66: 44827 | G66: 46 | H66: LEFT
A67: EMP145 | B67: Thomas | C67: Jones | D67: MKT04 | E67: 11/11/2016 | F67: $50,936 | G67: 99 | H67: active
A68: EMP001 | B68: Michael | C68: Miller | D68: SAL05 | E68: 24-Mar-17 | F68: $111,240 | H68: Actv
A69: EMP113 | B69: Richard | C69: Gonzalez | D69: HR01 | E69: 05-May-19 | F69: 51567 | G69: 87 | H69: Resigned
A70: EMP065 | B70: Melissa | C70: Williams | D70: HR01 | E70: 44402 | G70: 36 | H70: Active
A71: EMP045 | B71: Robert | C71: Miller | D71: HR01 | E71: 43008 | F71: 55270 | G71: 87 | H71: Actv
A72: EMP083 | B72: William | C72: Garcia | D72: SAL05 | E72: 42192 | F72: 65235 | G72: 97 | H72: ACTIVE
A73: EMP029 | B73: John | C73: Gonzalez | D73: SAL05 | E73: 43283 | G73: 72 | H73: LEFT
A74: EMP041 | B74: James | C74: Gonzalez | D74: sal05 | E74: 44819 | G74: 65 | H74: LEFT
A75: EMP026 | B75: Jane | C75: Gonzalez | D75: SAL05 | E75: 42249 | G75: 67 | H75: Actv
A76: EMP024 | B76: David | C76: Wilson | D76: ops06 | E76: 11-Oct-16 | F76: 48823 | G76: 34 | H76: ACTIVE
A77: EMP111 | B77: Jane | C77: Gonzalez | D77: FIN03 | E77: 43575 | F77: 45196 | G77: 78 | H77: LEFT
A78: EMP040 | B78: Jane | C78: Rodriguez | D78: IT02 | E78: 02/19/2017 | F78: $86,246 | G78: 61 | H78: Actv
A79: EMP086 | B79: Emily | C79: Miller | D79: SAL05 | E79: 09/07/2021 | F79: 70359 | G79: 74 | H79: Left
A80: EMP124 | B80: Sarah | C80: Miller | D80: MKT04 | E80: 43599 | G80: 94 | H80: ACTIVE
A81: EMP132 | B81: Jessica | C81: Garcia | D81: OPS06 | E81: 42330 | F81: 86480 | H81: ACTIVE
A82: EMP048 | B82: Richard | C82: Smith | D82: hr01 | E82: 09/29/2018 | F82: $47,694 | G82: 75 | H82: ACTIVE
A83: EMP114 | B83: Melissa | C83: Wilson | D83: IT02 | E83: 45171 | F83: 83724 | G83: 81 | H83: Resigned
A84: EMP062 | B84: Thomas | C84: Williams | D84: FIN03 | E84: 44759 | F84: 98299 | G84: 61 | H84: Actv
A85: EMP074 | B85: David | C85: Williams | D85: FIN03 | E85: 07-Feb-21 | G85: 68 | H85: Actv
A86: EMP034 | B86: John | C86: Johnson | D86: it02 | E86: 10/04/2023 | F86: 52287 | G86: 70 | H86: active
A87: EMP105 | B87: Richard | C87: Gonzalez | D87: IT02 | E87: 44073 | F87: 82633 | G87: 98 | H87: ACTIVE
A88: EMP118 | B88: Melissa | C88: Anderson | D88: OPS06 | E88: 44422 | F88: 46508 | G88: 34 | H88: Active
A89: EMP063 | B89: Emily | C89: Gonzalez | D89: hr01 | E89: 27-Nov-19 | F89: 86232 | G89: 93 | H89: Active
A90: EMP094 | B90: Jane | C90: Davis | D90: it02 | E90: 25-May-17 | F90: $77,545 | G90: 48 | H90: Active
A91: EMP097 | B91: William | C91: Gonzalez | D91: OPS06 | E91: 43436 | F91: 68683 | G91: 90 | H91: Actv
A92: EMP054 | B92: Thomas | C92: Jones | D92: FIN03 | E92: 43639 | F92: 83932 | G92: 57 | H92: LEFT
A93: EMP006 | B93: Jessica | C93: Anderson | D93: HR01 | E93: 42304 | F93: 56073 | G93: 79 | H93: Active
A94: EMP110 | B94: Melissa | C94: Johnson | D94: IT02 | E94: 43270 | F94: $88,056 | G94: 66 | H94: Actv
A95: EMP147 | B95: Thomas | C95: Miller | D95: ops06 | E95: 43112 | F95: 67414 | G95: 84 | H95: Left
A96: EMP050 | B96: William | C96: Gonzalez | D96: SAL05 | E96: 42008 | F96: $115,288 | G96: 61 | H96: Actv
A97: EMP036 | C97: Smith | D97: SAL05 | E97: 43439 | F97: 80140 | G97: 58 | H97: Active
A98: EMP081 | B98: John | C98: Johnson | D98: IT02 | E98: 44482 | F98: 73087 | G98: 69 | H98: Actv
A99: EMP078 | B99: Jane | C99: Johnson | D99: SAL05 | E99: 44081 | F99: 95292 | G99: 34 | H99: active
A100: EMP035 | B100: John | C100: Jones | D100: IT02 | E100: 03/08/2019 | G100: 33 | H100: active
...

Sheet Analysis
A3: Total Employee | C3: Department | D3: Sum of Salary | F3: Department | G3: Count of Department_Name
A4: 145 | B4: =GETPIVOTDATA("Emp_ID",$A$3) -> 145 | C4: Finance | D4: 1477866 | F4: Finance | G4: 17
C5: Human Resources | D5: 1336433 | F5: Human Resources | G5: 17
C6: Information Technology | D6: 2923918 | F6: Information Technology | G6: 33
C7: Marketing | D7: 1754482 | F7: Marketing | G7: 20
C8: Operations | D8: 2189534 | F8: Operations | G8: 29
C9: Sales | D9: 2248862 | F9: Sales | G9: 29
C10: Grand Total | D10: 11931095 | E10: =GETPIVOTDATA("Salary",$C$3) -> 11931095 | F10: Grand Total | G10: 145
A12: Department | B12: Count of Emp_ID | D12: Employment Status | E12: Average of Performance_Score | G12: Average of Salary
A13: Active | B13: 0.77241379 | D13: Active | E13: 67.353056 | G13: 82283.414 | H13: =GETPIVOTDATA("Salary",$G$12) -> 82283.414
A14: Finance | B14: 0.082758621 | C14: =GETPIVOTDATA("Emp_ID",$A$12,"Employment_Status","Left")+GETPIVOTDATA("Emp_ID",$A$12,"Employment_Status","Resigned") -> 0.22758621 | D14: Left | E14: 68.307716
A15: Human Resources | B15: 0.096551724 | D15: Resigned | E15: 71.7
A16: Information Technology | B16: 0.1862069 | D16: Grand Total | E16: 67.804274
A17: Marketing | B17: 0.10344828 | G17: Row Labels | H17: Sum of Salary
A18: Operations | B18: 0.15862069 | G18: 2015 | H18: 1022704
A19: Sales | B19: 0.14482759 | D19: Performance Band | E19: Sum of Bonus_Performance | G19: 2016 | H19: 1599529
A20: Left | B20: 0.15862069 | D20: Achieving | E20: 2.1 | G20: 2017 | H20: 1437328
A21: Finance | B21: 0.027586207 | D21: Exceeding | E21: 1.68 | G21: 2018 | H21: 1517433
A22: Human Resources | B22: 0.0068965517 | D22: Outstanding | E22: 1.08 | G22: 2019 | H22: 1271858
A23: Information Technology | B23: 0.034482759 | D23: Developing | E23: 0.88 | G23: 2020 | H23: 1304199
A24: Marketing | B24: 0.020689655 | D24: Needs Improvement | E24: 0 | G24: 2021 | H24: 1221472
A25: Operations | B25: 0.034482759 | D25: Grand Total | E25: 5.74 | G25: 2022 | H25: 1345437
A26: Sales | B26: 0.034482759 | G26: 2023 | H26: 1211135
A27: Resigned | B27: 0.068965517 | G27: Grand Total | H27: 11931095
A28: Finance | B28: 0.0068965517
A29: Human Resources | B29: 0.013793103
A30: Information Technology | B30: 0.0068965517
A31: Marketing | B31: 0.013793103
A32: Operations | B32: 0.0068965517
A33: Sales | B33: 0.020689655
A34: Grand Total | B34: 1

Sheet Dashboard

Sheet dataset
A1: Emp_ID | B1: First_Name | C1: Last_Name | D1: Full_Name | E1: Department_Code | F1: Hire_Date | G1: Salary | H1: Performance_Score | I1: Employment_Status | J1: Department_Name | K1: Performance_Band | L1: Bonus_Performance | M1: Years | N1: Years_of_Service
A2: EMP127 | B2: Emily | C2: Brown | D2: Emily Brown | E2: IT02 | F2: 43093 | G2: 50361 | H2: 52 | I2: Active | J2: =VLOOKUP(E2,Lookup_Departments!$A$1:$B$7,2,FALSE) -> Information Technology | K2: =VLOOKUP(H2,Lookup_Performance!$A$1:$D$6,3,TRUE) -> Developing | L2: =VLOOKUP(H2,Lookup_Performance!$A$1:$D$6,4,TRUE) -> 0.02 | M2: =TEXT(F2, "yyyy") -> 2017 | N2: 9
A3: EMP046 | B3: Richard | C3: Hernandez | D3: Richard Hernandez | E3: MKT04 | F3: 44777 | G3: 112673 | H3: 68.077465 | I3: Active | J3: =VLOOKUP(E3,Lookup_Departments!$A$1:$B$7,2,FALSE) -> Marketing | K3: =VLOOKUP(H3,Lookup_Performance!$A$1:$D$6,3,TRUE) -> Developing | L3: =VLOOKUP(H3,Lookup_Performance!$A$1:$D$6,4,TRUE) -> 0.02 | M3: =TEXT(F3, "yyyy") -> 2022 | N3: 4
A4: EMP134 | B4: Emily | C4: Gonzalez | D4: Emily Gonzalez | E4: IT02 | F4: 42403 | G4: 114425 | H4: 54 | I4: Left | J4: =VLOOKUP(E4,Lookup_Departments!$A$1:$B$7,2,FALSE) -> Information Technology | K4: =VLOOKUP(H4,Lookup_Performance!$A$1:$D$6,3,TRUE) -> Developing | L4: =VLOOKUP(H4,Lookup_Performance!$A$1:$D$6,4,TRUE) -> 0.02 | M4: =TEXT(F4, "yyyy") -> 2016 | N4: 10
A5: EMP139 | B5: John | C5: Martinez | D5: John Martinez | E5: FIN03 | F5: 44992 | G5: 103831 | H5: 70 | I5: Active | J5: =VLOOKUP(E5,Lookup_Departments!$A$1:$B$7,2,FALSE) -> Finance | K5: =VLOOKUP(H5,Lookup_Performance!$A$1:$D$6,3,TRUE) -> Achieving | L5: =VLOOKUP(H5,Lookup_Performance!$A$1:$D$6,4,TRUE) -> 0.05 | M5: =TEXT(F5, "yyyy") -> 2023 | N5: 3
A6: EMP112 | B6: Thomas | C6: Smith | D6: Thomas Smith | E6: IT02 | F6: 44977 | G6: 73785 | H6: 40 | I6: Left | J6: =VLOOKUP(E6,Lookup_Departments!$A$1:$B$7,2,FALSE) -> Information Technology | K6: =VLOOKUP(H6,Lookup_Performance!$A$1:$D$6,3,TRUE) -> Needs Improvement | L6: =VLOOKUP(H6,Lookup_Performance!$A$1:$D$6,4,TRUE) -> 0 | M6: =TEXT(F6, "yyyy") -> 2023 | N6: 3
A7: EMP030 | B7: Emily | C7: Johnson | D7: Emily Johnson | E7: OPS06 | F7: 43864 | G7: 115882 | H7: 49 | I7: Active | J7: =VLOOKUP(E7,Lookup_Departments!$A$1:$B$7,2,FALSE) -> Operations | K7: =VLOOKUP(H7,Lookup_Performance!$A$1:$D$6,3,TRUE) -> Needs Improvement | L7: =VLOOKUP(H7,Lookup_Performance!$A$1:$D$6,4,TRUE) -> 0 | M7: =TEXT(F7, "yyyy") -> 2020 | N7: 6
A8: EMP096 | B8: John | C8: Wilson | D8: John Wilson | E8: OPS06 | F8: 45272 | G8: 59980 | H8: 70 | I8: Left | J8: =VLOOKUP(E8,Lookup_Departments!$A$1:$B$7,2,FALSE) -> Operations | K8: =VLOOKUP(H8,Lookup_Performance!$A$1:$D$6,3,TRUE) -> Achieving | L8: =VLOOKUP(H8,Lookup_Performance!$A$1:$D$6,4,TRUE) -> 0.05 | M8: =TEXT(F8, "yyyy") -> 2023 | N8: 3
A9: EMP098 | B9: Jessica | C9: Smith | D9: Jessica Smith | E9: OPS06 | F9: 44086 | G9: 68728 | H9: 45 | I9: Active | J9: =VLOOKUP(E9,Lookup_Departments!$A$1:$B$7,2,FALSE) -> Operations | K9: =VLOOKUP(H9,Lookup_Performance!$A$1:$D$6,3,TRUE) -> Needs Improvement | L9: =VLOOKUP(H9,Lookup_Performance!$A$1:$D$6,4,TRUE) -> 0 | M9: =TEXT(F9, "yyyy") -> 2020 | N9: 6
A10: EMP095 | B10: Emily | C10: Rodriguez | D10: Emily Rodriguez | E10: sal05 | F10: 43282 | G10: 94998 | H10: 58 | I10: Active | J10: =VLOOKUP(E10,Lookup_Departments!$A$1:$B$7,2,FALSE) -> Sales | K10: =VLOOKUP(H10,Lookup_Performance!$A$1:$D$6,3,TRUE) -> Developing | L10: =VLOOKUP(H10,Lookup_Performance!$A$1:$D$6,4,TRUE) -> 0.02 | M10: =TEXT(F10, "yyyy") -> 2018 | N10: 8
A11: EMP140 | B11: Michael | C11: Martinez | D11: Michael Martinez | E11: IT02 | F11: 42411 | G11: 118635 | H11: 49 | I11: Active | J11: =VLOOKUP(E11,Lookup_Departments!$A$1:$B$7,2,FALSE) -> Information Technology | K11: =VLOOKUP(H11,Lookup_Performance!$A$1:$D$6,3,TRUE) -> Needs Improvement | L11: =VLOOKUP(H11,Lookup_Performance!$A$1:$D$6,4,TRUE) -> 0 | M11: =TEXT(F11, "yyyy") -> 2016 | N11: 10
A12: EMP020 | B12: Emily | C12: Miller | D12: Emily Miller | E12: mkt04 | F12: 43911 | G12: 76918 | H12: 62 | I12: Active | J12: =VLOOKUP(E12,Lookup_Departments!$A$1:$B$7,2,FALSE) -> Marketing | K12: =VLOOKUP(H12,Lookup_Performance!$A$1:$D$6,3,TRUE) -> Developing | L12: =VLOOKUP(H12,Lookup_Performance!$A$1:$D$6,4,TRUE) -> 0.02 | M12: =TEXT(F12, "yyyy") -> 2020 | N12: 6
A13: EMP057 | B13: Emily | C13: Hernandez | D13: Emily Hernandez | E13: MKT04 | F13: 42425 | G13: 61408 | H13: 48 | I13: Active | J13: =VLOOKUP(E13,Lookup_Departments!$A$1:$B$7,2,FALSE) -> Marketing | K13: =VLOOKUP(H13,Lookup_Performance!$A$1:$D$6,3,TRUE) -> Needs Improvement | L13: =VLOOKUP(H13,Lookup_Performance!$A$1:$D$6,4,TRUE) -> 0 | M13: =TEXT(F13, "yyyy") -> 2016 | N13: 10
... A151: EMP103 | B151: Amanda | C151: Brown | D151: Av88_Amanda | E151: IT02 | F151: 44848 | G151: 118634 | H151: 91 | I151: Active | J151: =VLOOKUP(E151,Lookup_Departments!$A$1:$B$7,2,FALSE) -> Information Technology | K151: =VLOOKUP(H151,Lookup_Performance!$A$1:$D$6,3,TRUE) -> Exceeding | L151: =VLOOKUP(H151,Lookup_Performance!$A$1:$D$6,4,TRUE) -> 0.08 | M151: =TEXT(F151, "yyyy") -> 2022 | N151: 4

Sheet Lookup_Departments
A1: Dept_Code | B1: Department_Name
A2: HR01 | B2: Human Resources
A3: IT02 | B3: Information Technology
A4: FIN03 | B4: Finance
A5: MKT04 | B5: Marketing
A6: SAL05 | B6: Sales
A7: OPS06 | B7: Operations

Sheet Lookup_Performance
A1: Min_Score | B1: Max_Score | C1: Performance_Band | D1: Bonus_Percentage
A2: 0 | B2: 49 | C2: Needs Improvement | D2: 0
A3: 50 | B3: 69 | C3: Developing | D3: 0.02
A4: 70 | B4: 84 | C4: Achieving | D4: 0.05
A5: 85 | B5: 94 | C5: Exceeding | D5: 0.08
A6: 95 | B6: 100 | C6: Outstanding | D6: 0.12
